Resistenza,"$f_{ris,teo}$[Hz]","$f_r{ris,exp}$[Hz]",Larghezza picco teorica [Hz],Larghezza picco sperimentale [Hz]
$9939 \pm2$,$17164.722443563285\pm20.861223129536633$,$18231.459552949545 \pm 19.413943025674765$,$413.8612858662791\pm 0$,$688.8669058540436\pm 15275.85064121311$
$5105.0 \pm2$,$17164.722443563285\pm20.861223129536633$,$18224.333113890676 \pm 38.945617877238185$,$805.752658222321\pm 0$,$1020.2932824863929\pm 15661.567530296097$
$467.34 \pm0.2$,$17164.722443563285\pm20.861223129536633$,$18241.1384532597 \pm 25.641204816265994$,$8801.659006772263\pm 0$,$8881.211669969372\pm 24058.48738304782$
