Resistenza,"$f_{ris,teo}$[Hz]","$f_r{ris,exp}$[Hz]",\makecell{Valore di \ picco sperimentale},Larghezza picco teorica [Hz],Larghezza picco sperimentale [Hz]
$9939 \pm2$,$17157.705921574834\pm20.80821802939751$,$18231.459552949545 \pm 19.413943025674765$,$0.6133239690980234 \pm 0.026647935369374272$,$412.4063783529122\pm 0.5316382652927171$,$677.8138143499018\pm 15149.987754212365$
$5105.0 \pm2$,$17157.705921574834\pm20.80821802939751$,$18224.333113890676 \pm 38.945617877238185$,$0.7495734216601426 \pm 0.03354696021624815$,$802.9200772673055\pm 0.27677172823895074$,$1015.4644099800353\pm 15639.706508452256$
$467.34 \pm0.2$,$17157.705921574834\pm20.80821802939751$,$18241.1384532597 \pm 25.641204816265994$,$0.9696695791905192 \pm 0.042288817664039705$,$8770.71723894722\pm 0.02542548869289529$,$8379.751641100751\pm 20223.437958227707$
