Resistenza,"$f_{ris,teo}$[Hz]","$f_r{ris,exp}$[Hz]",\makecell{Valore di \ picco sperimentale},Larghezza picco teorica [Hz],Larghezza picco sperimentale [Hz]
$9939 \pm2$,$17189.480283465753\pm20.881270513457455$,$18231.459552949545 \pm 19.413943025674765$,$0.6133239690980234 \pm 0.026647935369374272$,$413.93526376175595\pm 0.5322167275674983$,$677.8138143499018\pm 15149.987754212365$
$5105.0 \pm2$,$17189.480283465753\pm20.881270513457455$,$18224.333113890676 \pm 38.945617877238185$,$0.7495734216601426 \pm 0.03354696021624815$,$805.896686881115\pm 0.2770512950980578$,$1015.4644099800353\pm 15639.706508452256$
$467.34 \pm0.2$,$17189.480283465753\pm20.881270513457455$,$18241.1384532597 \pm 25.641204816265994$,$0.9696695791905192 \pm 0.042288817664039705$,$8803.232307373844\pm 0.02545066788993805$,$8379.751641100751\pm 20223.437958227707$
